<?xml version="1.0" encoding="utf-8"?>
<edmx:Edmx Version="3.0" xmlns:edmx="http://schemas.microsoft.com/ado/2009/11/edmx">
 <!-- EF Designer content (DO NOT EDIT MANUALLY BELOW HERE) -->
  <edmx:Designer xmlns="http://schemas.microsoft.com/ado/2009/11/edmx">
    <!-- Diagram content (shape and connector positions) -->
    <edmx:Diagrams>
      <Diagram DiagramId="eefcc8b3923a4bef92b8051585880ffe" Name="Diagram1">
        <EntityTypeShape EntityType="AutoServiceModel.AttachedProduct" Width="1.5" PointX="5.25" PointY="4.25" IsExpanded="true" />
        <EntityTypeShape EntityType="AutoServiceModel.Client" Width="1.5" PointX="3.75" PointY="9.875" IsExpanded="true" />
        <EntityTypeShape EntityType="AutoServiceModel.ClientService" Width="1.5" PointX="6" PointY="12" IsExpanded="true" />
        <EntityTypeShape EntityType="AutoServiceModel.DocumentByService" Width="1.5" PointX="8.25" PointY="12.5" IsExpanded="true" />
        <EntityTypeShape EntityType="AutoServiceModel.Gender" Width="1.5" PointX="1.5" PointY="10.875" IsExpanded="true" />
        <EntityTypeShape EntityType="AutoServiceModel.Manufacturer" Width="1.5" PointX="0.75" PointY="5.5" IsExpanded="true" />
        <EntityTypeShape EntityType="AutoServiceModel.Product" Width="1.5" PointX="3" PointY="4.75" IsExpanded="true" />
        <EntityTypeShape EntityType="AutoServiceModel.ProductPhoto" Width="1.5" PointX="5.25" PointY="6.75" IsExpanded="true" />
        <EntityTypeShape EntityType="AutoServiceModel.ProductSale" Width="1.5" PointX="8.25" PointY="5.25" IsExpanded="true" />
        <EntityTypeShape EntityType="AutoServiceModel.Service" Width="1.5" PointX="3.75" PointY="14.125" IsExpanded="true" />
        <EntityTypeShape EntityType="AutoServiceModel.ServicePhoto" Width="1.5" PointX="6" PointY="15.625" IsExpanded="true" />
        <EntityTypeShape EntityType="AutoServiceModel.sysdiagrams" Width="1.5" PointX="7.75" PointY="2.25" IsExpanded="true" />
        <EntityTypeShape EntityType="AutoServiceModel.Tag" Width="1.5" PointX="5.75" PointY="0.75" IsExpanded="true" />
        <EntityTypeShape EntityType="AutoServiceModel.TagsClient" Width="1.5" PointX="8" PointY="8.625" IsExpanded="true" />
        <AssociationConnector Association="AutoServiceModel.FK_AttachedProduct_Product" ManuallyRouted="false" />
        <AssociationConnector Association="AutoServiceModel.FK_AttachedProduct_Product1" ManuallyRouted="false" />
        <AssociationConnector Association="AutoServiceModel.FK_Client_Gender" ManuallyRouted="false" />
        <AssociationConnector Association="AutoServiceModel.FK_ClientService_Client" ManuallyRouted="false" />
        <AssociationConnector Association="AutoServiceModel.FK_TagsClient_Client" ManuallyRouted="false" />
        <AssociationConnector Association="AutoServiceModel.FK_ClientService_Service" ManuallyRouted="false" />
        <AssociationConnector Association="AutoServiceModel.FK_DocumentByService_ClientService" ManuallyRouted="false" />
        <AssociationConnector Association="AutoServiceModel.FK_ProductSale_ClientService" ManuallyRouted="false" />
        <AssociationConnector Association="AutoServiceModel.FK_Product_Manufacturer" ManuallyRouted="false" />
        <AssociationConnector Association="AutoServiceModel.FK_ProductPhoto_Product" ManuallyRouted="false" />
        <AssociationConnector Association="AutoServiceModel.FK_ProductSale_Product" ManuallyRouted="false" />
        <AssociationConnector Association="AutoServiceModel.FK_ServicePhoto_Service" ManuallyRouted="false" />
        <AssociationConnector Association="AutoServiceModel.FK_TagOfClient_Tag" ManuallyRouted="false" />
      </Diagram>
    </edmx:Diagrams>
  </edmx:Designer>
</edmx:Edmx>